{"-70.00": {"LJ_approx": {"x0": 1.698561507790035e-09, "C": 17129.443146164693, "nrep": 3.9155796385051462, "nattr": 0.9928413892701204}, "Delta_eq": 1.2603339470322538e-09}}