{"-71.90": {"LJ_approx": {"x0": 1.7222076920113352e-09, "C": 16331.1181988401, "nrep": 3.9147214768143295, "nattr": 1.0021306415378581}, "Delta_eq": 1.2553492695740507e-09}}