{"-71.90": {"LJ_approx": {"x0": 1.7090867832603635e-09, "C": 16822.011416719375, "nrep": 3.9148971705249167, "nattr": 0.970801500329999}, "Delta_eq": 1.2553492695740507e-09}}