{"-71.90": {"LJ_approx": {"x0": 1.7124934669165735e-09, "C": 16694.941761972426, "nrep": 3.914805170605273, "nattr": 0.9809156595390549}, "Delta_eq": 1.2553492695740507e-09}}