{"-80.00": {"LJ_approx": {"x0": 1.7845793287878114e-09, "C": 14600.797866604744, "nrep": 3.9112835250651723, "nattr": 0.9433189447961238}, "Delta_eq": 1.2344323203763867e-09}}