{"-80.00": {"LJ_approx": {"x0": 1.7875580514692446e-09, "C": 14506.791031634148, "nrep": 3.911252335063797, "nattr": 0.9495868868453603}, "Delta_eq": 1.2344323203763867e-09}, "-71.40": {"LJ_approx": {"x0": 1.710159362626304e-09, "C": 16757.44053535206, "nrep": 3.9149844779001572, "nattr": 0.9876139143736086}, "Delta_eq": 1.2566584760815426e-09}, "-54.00": {"LJ_approx": {"x0": 1.588820457014353e-09, "C": 21124.28839722447, "nrep": 3.9219530533405726, "nattr": 1.0531179666960837}, "Delta_eq": 1.302942739961778e-09}, "-71.90": {"LJ_approx": {"x0": 1.7142977983903395e-09, "C": 16627.43538695451, "nrep": 3.9147721975981384, "nattr": 0.9855168537576823}, "Delta_eq": 1.2553492695740507e-09}, "-89.50": {"LJ_approx": {"x0": 1.8913883171160228e-09, "C": 12016.525797229067, "nrep": 3.9069373029335464, "nattr": 0.9021994595277029}, "Delta_eq": 1.2107230911508513e-09}, "-61.93": {"LJ_approx": {"x0": 1.6390264131559902e-09, "C": 19180.97634755811, "nrep": 3.9188840789597705, "nattr": 1.0250251620607604}, "Delta_eq": 1.281743450351987e-09}, "-53.00": {"LJ_approx": {"x0": 1.5830321174402216e-09, "C": 21361.655211483354, "nrep": 3.9223254792281588, "nattr": 1.0564645995714745}, "Delta_eq": 1.305609024046854e-09}, "-53.58": {"LJ_approx": {"x0": 1.5863754403940291e-09, "C": 21224.206759769622, "nrep": 3.922109852077156, "nattr": 1.0545313303221624}, "Delta_eq": 1.3040630712174578e-09}}