{"-71.90": {"LJ_approx": {"x0": 1.7141359262023837e-09, "C": 16633.494041082096, "nrep": 3.91477479637803, "nattr": 0.9851195870796211}, "Delta_eq": 1.2553492695740507e-09}}