{"-71.90": {"LJ_approx": {"x0": 1.7077104625076777e-09, "C": 16872.961324650954, "nrep": 3.9149515065608522, "nattr": 0.9657918530014911}, "Delta_eq": 1.2553492695740507e-09}}