{"-71.90": {"LJ_approx": {"x0": 1.7070456872302091e-09, "C": 16897.384233364613, "nrep": 3.9149839445050034, "nattr": 0.9630154586052586}, "Delta_eq": 1.2553492695740507e-09}}