{"-71.90": {"LJ_approx": {"x0": 1.7083649250098538e-09, "C": 16848.783483700572, "nrep": 3.9149238912579474, "nattr": 0.9682745870834911}, "Delta_eq": 1.2553492695740507e-09}}