{"-71.90": {"LJ_approx": {"x0": 1.7175527525408531e-09, "C": 16505.538637687507, "nrep": 3.9147339528274565, "nattr": 0.9929477677153895}, "Delta_eq": 1.2553492695740507e-09}}