{"-71.90": {"LJ_approx": {"x0": 1.7086248832374104e-09, "C": 16839.152630975863, "nrep": 3.914913871725049, "nattr": 0.969206752472667}, "Delta_eq": 1.2553492695740507e-09}}