{"-80.00": {"LJ_approx": {"x0": 1.7789681895702171e-09, "C": 14776.517324235609, "nrep": 3.9114315801143102, "nattr": 0.9262993775092675}, "Delta_eq": 1.2344323203763867e-09}}