{"-71.90": {"LJ_approx": {"x0": 1.707781542586275e-09, "C": 16870.340248462282, "nrep": 3.914948339378328, "nattr": 0.9660711186661354}, "Delta_eq": 1.2553492695740507e-09}}