{"-80.00": {"LJ_approx": {"x0": 1.7789681895702171e-09, "C": 14776.517324235609, "nrep": 3.9114315801143102, "nattr": 0.9262993775092675}, "Delta_eq": 1.2344323203763867e-09}, "-71.90": {"LJ_approx": {"x0": 1.7062178969201535e-09, "C": 16927.506332821347, "nrep": 3.915032958567402, "nattr": 0.9590465220377619}, "Delta_eq": 1.2553492695740507e-09}}