{"-71.90": {"LJ_approx": {"x0": 1.7189965709327154e-09, "C": 16451.451132809576, "nrep": 3.914724830783171, "nattr": 0.9959617717400197}, "Delta_eq": 1.2553492695740507e-09}}