{"-71.90": {"LJ_approx": {"x0": 1.7163638474245484e-09, "C": 16550.07407037786, "nrep": 3.914744934358502, "nattr": 0.9903475163879472}, "Delta_eq": 1.2553492695740507e-09}}