{"-70.00": {"LJ_approx": {"x0": 1.6990293799589425e-09, "C": 17111.279779768367, "nrep": 3.915571249134547, "nattr": 0.9940348923680316}, "Delta_eq": 1.2603339470322538e-09}}