{"-71.90": {"LJ_approx": {"x0": 1.7099839533986644e-09, "C": 16788.63493373404, "nrep": 3.9148681777582155, "nattr": 0.9737108670333022}, "Delta_eq": 1.2553492695740507e-09}}