{"-71.90": {"LJ_approx": {"x0": 1.7142227920247249e-09, "C": 16630.240122284173, "nrep": 3.914773458981444, "nattr": 0.9853295144191573}, "Delta_eq": 1.2553492695740507e-09}}