{"-80.00": {"LJ_approx": {"x0": 1.7921352427645028e-09, "C": 14362.363951301933, "nrep": 3.911239140144219, "nattr": 0.9577057656995782}, "Delta_eq": 1.2344323203763867e-09}}