{"-80.00": {"LJ_approx": {"x0": 1.7817059603461257e-09, "C": 14691.28061115401, "nrep": 3.9113369016354067, "nattr": 0.9360192402929897}, "Delta_eq": 1.2344323203763867e-09}}