{"-80.00": {"LJ_approx": {"x0": 1.7845793287878114e-09, "C": 14600.797866604744, "nrep": 3.9112835250651723, "nattr": 0.9433189447961238}, "Delta_eq": 1.2344323203763867e-09}, "-71.90": {"LJ_approx": {"x0": 1.7114794411958874e-09, "C": 16732.841575829825, "nrep": 3.914827883392826, "nattr": 0.9781401389550711}, "Delta_eq": 1.2553492695740507e-09}}