{"-71.90": {"LJ_approx": {"x0": 1.7111013191726778e-09, "C": 16746.96136385937, "nrep": 3.9148372686815684, "nattr": 0.977060621646009}, "Delta_eq": 1.2553492695740507e-09}}