{"-71.90": {"LJ_approx": {"x0": 1.7065626447372637e-09, "C": 16915.009268893282, "nrep": 3.9150111660472415, "nattr": 0.9607821067499175}, "Delta_eq": 1.2553492695740507e-09}}