{"-71.90": {"LJ_approx": {"x0": 1.721337196662225e-09, "C": 16363.738563915058, "nrep": 3.9147202446411637, "nattr": 1.0005179992350384}, "Delta_eq": 1.2553492695740507e-09}}