{"-71.90": {"LJ_approx": {"x0": 1.7098931569072585e-09, "C": 16792.017219042787, "nrep": 3.9148709162252393, "nattr": 0.9734270233528104}, "Delta_eq": 1.2553492695740507e-09}}