{"-71.90": {"LJ_approx": {"x0": 1.7116651803062326e-09, "C": 16725.90260490937, "nrep": 3.9148234714247434, "nattr": 0.9786604003307381}, "Delta_eq": 1.2553492695740507e-09}}