{
  "32.0": {
    "-80.00": {
      "LJ_approx": {
        "x0": 1.7875580514692446e-09,
        "C": 14506.791031634148,
        "nrep": 3.911252335063797,
        "nattr": 0.9495868868453603
      },
      "Delta_eq": 1.2344323203763867e-09
    },
    "-71.40": {
      "LJ_approx": {
        "x0": 1.710159362626304e-09,
        "C": 16757.44053535206,
        "nrep": 3.9149844779001572,
        "nattr": 0.9876139143736086
      },
      "Delta_eq": 1.2566584760815426e-09
    },
    "-54.00": {
      "LJ_approx": {
        "x0": 1.588820457014353e-09,
        "C": 21124.28839722447,
        "nrep": 3.9219530533405726,
        "nattr": 1.0531179666960837
      },
      "Delta_eq": 1.302942739961778e-09
    },
    "-71.90": {
      "LJ_approx": {
        "x0": 1.7142977983903395e-09,
        "C": 16627.43538695451,
        "nrep": 3.9147721975981384,
        "nattr": 0.9855168537576823
      },
      "Delta_eq": 1.2553492695740507e-09
    },
    "-89.50": {
      "LJ_approx": {
        "x0": 1.8913883171160228e-09,
        "C": 12016.525797229067,
        "nrep": 3.9069373029335464,
        "nattr": 0.9021994595277029
      },
      "Delta_eq": 1.2107230911508513e-09
    },
    "-61.93": {
      "LJ_approx": {
        "x0": 1.6390264131559902e-09,
        "C": 19180.97634755811,
        "nrep": 3.9188840789597705,
        "nattr": 1.0250251620607604
      },
      "Delta_eq": 1.281743450351987e-09
    },
    "-53.00": {
      "LJ_approx": {
        "x0": 1.5830321174402216e-09,
        "C": 21361.655211483354,
        "nrep": 3.9223254792281588,
        "nattr": 1.0564645995714745
      },
      "Delta_eq": 1.305609024046854e-09
    },
    "-53.58": {
      "LJ_approx": {
        "x0": 1.5863754403940291e-09,
        "C": 21224.206759769622,
        "nrep": 3.922109852077156,
        "nattr": 1.0545313303221624
      },
      "Delta_eq": 1.3040630712174578e-09
    },
    "-48.87": {
      "LJ_approx": {
        "x0": 1.5603070731170595e-09,
        "C": 22321.280954434333,
        "nrep": 3.9238276518118833,
        "nattr": 1.0698008224359472
      },
      "Delta_eq": 1.3165739825437056e-09
    },
    "0.00": {
      "LJ_approx": {
        "x0": 1.429523524073023e-09,
        "C": 28748.036227122713,
        "nrep": 3.9338919786768276,
        "nattr": 1.1551044201542804
      },
      "Delta_eq": 1.4e-09
    },
    "-70.00": {
      "LJ_approx": {
        "x0": 1.698788510560293e-09,
        "C": 17120.631318195712,
        "nrep": 3.915575488491436,
        "nattr": 0.9934238714780391
      },
      "Delta_eq": 1.2603339470322538e-09
    }
  },
  "64.0": {
    "-80.00": {
      "LJ_approx": {
        "x0": 1.783357531675752e-09,
        "C": 14639.319598806138,
        "nrep": 3.9113027551187414,
        "nattr": 0.9404151935643594
      },
      "Delta_eq": 1.2344323203763867e-09
    },
    "-71.90": {
      "LJ_approx": {
        "x0": 1.7103254451796522e-09,
        "C": 16775.90747591089,
        "nrep": 3.9148582072320104,
        "nattr": 0.9747613204242506
      },
      "Delta_eq": 1.2553492695740507e-09
    },
    "-71.40": {
      "LJ_approx": {
        "x0": 1.7061996856525807e-09,
        "C": 16906.878806702443,
        "nrep": 3.9150725853841957,
        "nattr": 0.976778398349503
      },
      "Delta_eq": 1.2566584760815426e-09
    },
    "-54.00": {
      "LJ_approx": {
        "x0": 1.585264156646392e-09,
        "C": 21303.176047683613,
        "nrep": 3.92211004079812,
        "nattr": 1.0402641595550777
      },
      "Delta_eq": 1.302942739961778e-09
    },
    "-89.50": {
      "LJ_approx": {
        "x0": 1.886870747500225e-09,
        "C": 12129.260307725155,
        "nrep": 3.906945602966425,
        "nattr": 0.895598309376088
      },
      "Delta_eq": 1.2107230911508513e-09
    },
    "-61.93": {
      "LJ_approx": {
        "x0": 1.635297932833928e-09,
        "C": 19347.359224637305,
        "nrep": 3.9190113341505843,
        "nattr": 1.0129039638328117
      },
      "Delta_eq": 1.281743450351987e-09
    }
  },
  "50.0": {
    "-71.90": {
      "LJ_approx": {
        "x0": 1.7114794411958874e-09,
        "C": 16732.841575829825,
        "nrep": 3.914827883392826,
        "nattr": 0.9781401389550711
      },
      "Delta_eq": 1.2553492695740507e-09
    }
  },
  "10.0": {
    "0.00": {
      "LJ_approx": {
        "x0": 1.4403460578039628e-09,
        "C": 27932.27792195569,
        "nrep": 3.9334138654752686,
        "nattr": 1.19526523864855
      },
      "Delta_eq": 1.4e-09
    },
    "-71.90": {
      "LJ_approx": {
        "x0": 1.7286986021591825e-09,
        "C": 16087.514816365254,
        "nrep": 3.9147885683678543,
        "nattr": 1.012616990226475
      },
      "Delta_eq": 1.2553492695740507e-09
    }
  },
  "100.0": {
    "0.00": {
      "LJ_approx": {
        "x0": 1.4254455131143225e-09,
        "C": 29048.417918044444,
        "nrep": 3.9342659189249254,
        "nattr": 1.1351227816904121
      },
      "Delta_eq": 1.4e-09
    },
    "-71.90": {
      "LJ_approx": {
        "x0": 1.7087681652667724e-09,
        "C": 16833.83962398515,
        "nrep": 3.914908533680663,
        "nattr": 0.9697102045586926
      },
      "Delta_eq": 1.2553492695740507e-09
    },
    "-71.40": {
      "LJ_approx": {
        "x0": 1.7046480280451768e-09,
        "C": 16965.15489682674,
        "nrep": 3.9151238997284845,
        "nattr": 0.9716928395857687
      },
      "Delta_eq": 1.2566584760815426e-09
    },
    "-54.00": {
      "LJ_approx": {
        "x0": 1.5838767580748841e-09,
        "C": 21372.412565003375,
        "nrep": 3.922191259312523,
        "nattr": 1.0344167918733638
      },
      "Delta_eq": 1.302942739961778e-09
    },
    "-89.50": {
      "LJ_approx": {
        "x0": 1.8850831984948754e-09,
        "C": 12173.857567383837,
        "nrep": 3.906959887367545,
        "nattr": 0.8923154523792497
      },
      "Delta_eq": 1.2107230911508513e-09
    },
    "-61.93": {
      "LJ_approx": {
        "x0": 1.6338405482612552e-09,
        "C": 19411.96069791924,
        "nrep": 3.9190798895919405,
        "nattr": 1.0073171165886772
      },
      "Delta_eq": 1.281743450351987e-09
    }
  },
  "500.0": {
    "0.00": {
      "LJ_approx": {
        "x0": 1.4236928207491738e-09,
        "C": 29174.423851140436,
        "nrep": 3.934489087598531,
        "nattr": 1.1244706663694597
      },
      "Delta_eq": 1.4e-09
    }
  },
  "15.0": {
    "-71.90": {
      "LJ_approx": {
        "x0": 1.722207527516432e-09,
        "C": 16331.124295102756,
        "nrep": 3.914721476976037,
        "nattr": 1.0021304453280393
      },
      "Delta_eq": 1.2553492695740507e-09
    },
    "-71.40": {
      "LJ_approx": {
        "x0": 1.7180439454408102e-09,
        "C": 16459.15520614834,
        "nrep": 3.9149304238974905,
        "nattr": 1.0043742068193204
      },
      "Delta_eq": 1.2566584760815426e-09
    },
    "-54.00": {
      "LJ_approx": {
        "x0": 1.5959361190370466e-09,
        "C": 20763.823187183425,
        "nrep": 3.921785737782814,
        "nattr": 1.0737976563473925
      },
      "Delta_eq": 1.302942739961778e-09
    },
    "-89.50": {
      "LJ_approx": {
        "x0": 1.9002701433896942e-09,
        "C": 11795.576706463997,
        "nrep": 3.9070059150621814,
        "nattr": 0.9114123498082551
      },
      "Delta_eq": 1.2107230911508513e-09
    },
    "-61.93": {
      "LJ_approx": {
        "x0": 1.646473044478369e-09,
        "C": 18846.9803104403,
        "nrep": 3.918766624746869,
        "nattr": 1.044220870098494
      },
      "Delta_eq": 1.281743450351987e-09
    }
  },
  "70.0": {
    "-61.93": {
      "LJ_approx": {
        "x0": 1.6349587829329923e-09,
        "C": 19362.426097728276,
        "nrep": 3.9190260877993097,
        "nattr": 1.0116609492531905
      },
      "Delta_eq": 1.281743450351987e-09
    },
    "-71.90": {
      "LJ_approx": {
        "x0": 1.7099628637265945e-09,
        "C": 16789.420291577666,
        "nrep": 3.9148688185890483,